X,Y,OBJECTID,EoICode,StationNam,Longitude,Latitude,Altitude,StationTyp,StationAre,avg15
13.6711399994291,48.3917199998899,1,AT0ENK1,Enzenkirchen im Sauwald,13.67114,48.39172,525,background,rural-regional,13.353289
14.4413888883611,47.8386111004056,2,AT0ZOE2,Zöbelboden im Reichraminger Hintergebirge - Wildwiese,14.441389,47.838611,899,background,rural-remote,7.257276
16.6369444443408,48.2366666673095,3,AT30407,Glinzendorf im Marchfeld,16.636944,48.236667,150,background,rural-near_city,14.789538
15.9036111105439,48.3311111118708,4,AT31902,Zwentendorf im Tullnerfeld,15.903611,48.331111,200,background,rural,14.524676
14.5747222219421,48.5311111104414,5,AT4S108,Grünbach bei Freistadt,14.574722,48.531111,918,background,rural-regional,9.099422
13.6008333294629,47.9719444005987,6,AT4S418,Lenzing,13.600833,47.971944,510,background,rural,12.058089
5.05330329209512,51.2308576117289,7,BEGRT01,26RT01 - RETIE,5.053303,51.230858,23,background,rural,12.033426
3.36253588866236,51.2545736236678,8,BETN012,44N012 - MOERKERKE,3.362536,51.254574,3,background,rural,11.621019
5.16397884686279,51.2336522069183,9,BETN016,42N016 - DESSEL,5.163979,51.233652,30,background,rural,13.721193
2.58232278149595,51.0162801122844,10,BETN029,44N029 - HOUTEM,2.582323,51.01628,2,background,rural,10.76674
5.10315860907913,50.7117060954418,11,BETN054,42N054 - WALSHOUTEM,5.103159,50.711706,135,background,rural,13.100392
3.45762442638892,50.6167184031375,12,BETN060,43N060 - HAVINNES,3.457624,50.616718,0,background,rural,11.006506
4.66828768256816,50.6554391044936,13,BETN063,43N063 - CORROY L.G.,4.668288,50.655439,145,background,rural,11.354895
5.99275271963704,50.6122775295861,14,BETN067,43N067 - MEMBACH,5.992753,50.612278,233,background,rural,9.426099
4.98842295399319,50.5027163423601,15,BETN073,43N073 - VEZIN,4.988423,50.502716,160,background,rural,9.973228
6.0017362883982,50.3032078295411,16,BETN085,43N085 - VIELSALM,6.001736,50.303208,490,background,rural,6.826367
5.23516865417799,50.2744775127406,17,BETN093,43N093 - SINSIN,5.235169,50.274478,265,background,rural,8.910852
4.59476276216408,50.0956834356348,18,BETN100,43N100 - DOURBES,4.594763,50.095683,225,background,rural,8.098825
5.59301691341926,50.0270290180603,19,BETN113,43N113 - SAINT-ODE,5.593017,50.027029,510,background,rural,7.560071
5.20238746667887,49.8771284929683,20,BETN121,43N121 - OFFAGNE,5.202387,49.877128,430,background,rural,7.819823
5.6303977410744,49.7192811893181,21,BETN132,43N132 - HABAY-LA-N.,5.630398,49.719281,375,background,rural,8.689426
33.0578227925416,35.0380265373244,22,CY0002R,Emep - Ayia Marina,33.057823,35.038027,532,background,rural-regional,9.879714
16.724496841774,48.7917671214222,23,CZ0BMIS,Mikulov-Sedlec,16.724497,48.791767,245,background,rural-regional,16.080899
15.080278397226,49.5733947757425,24,CZ0JKOS,Kosetice,15.080278,49.573395,535,background,rural-regional,11.625252
18.0893058776161,49.7209358223848,25,CZ0TSTD,Studenka,18.089306,49.720936,231,background,rural-near_city,23.892614
18.4228725435737,49.9246788037415,26,CZ0TVER,Vernovice,18.422873,49.924679,203,background,rural-near_city,33.040112
14.015252000185,52.5638350011258,27,DEBB053,Hasenholz,14.015252,52.563835,88,background,rural-regional,11.945001
7.76452799990913,47.8098920013731,28,DEBW031,Schwarzwald-Süd,7.764528,47.809892,904,background,rural-regional,6.111503
9.20763900010522,48.3457780009717,29,DEBW087,Schwäbische_Alb,9.207639,48.345778,798,background,rural-regional,7.883377
9.17154399938821,49.8694220012158,30,DEBY004,Kleinwallstadt/Hofstetter Straße,9.171544,49.869422,124,background,rural-near_city,12.735729
12.548869000795,49.4384640009172,31,DEBY072,Tiefenbach/Altenschneeberg,12.548869,49.438464,755,background,rural-regional,8.871439
11.2201719995244,47.968753000803,32,DEBY109,Andechs/Rothenfeld,11.220172,47.968753,700,background,rural-regional,8.743363
10.3250000005341,49.4440600007062,33,DEBY124,Burgbernheim/Grüne Au,10.325,49.44406,362,background,rural-regional,11.139296
8.92817099968315,51.4308970009558,34,DEHE046,Bad Arolsen,8.928171,51.430897,343,background,rural,11.416152
12.0647079997347,53.8177750007864,35,DEMV004,Gülzow,12.064708,53.817775,17,background,rural,12.241828
8.09058999894761,53.5961700013637,36,DENI031,Jadebusen,8.09059,53.59617,2,background,rural,9.372394
11.1670500003321,52.9570200012285,37,DENI060,Wendland,11.16705,52.95702,16,background,rural,10.485007
8.14806100024675,51.5706620006121,38,DENW068,Soest-Ost,8.148061,51.570662,110,background,rural-near_city,12.44337
7.8265209999743,49.2702630005923,39,DERP017,Pfälzerwald-Hortenkopf,7.826521,49.270263,606,background,rural,7.542832
7.72990000015338,50.4243000012912,40,DERP028,Westerwald-Neuhäusel,7.7299,50.4243,546,background,rural,8.508962
10.240595999644,54.0932300006752,41,DESH008,Bornhöved,10.240596,54.09323,45,background,rural-regional,9.868317
13.0094059996141,51.3037720004495,42,DESN076,Collmberg,13.009406,51.303772,313,background,rural-remote,10.191917
11.0433859995188,51.662435000615,43,DEST098,Unterharz / Friedrichsbrunn,11.043386,51.662435,419,background,rural-regional,8.684215
11.8914119995237,51.8373060010253,44,DEST104,Domäne Bobbe,11.891412,51.837306,72,background,rural,13.072419
7.90803500022112,47.9132560006958,45,DEUB004,Schauinsland,7.908035,47.913256,1205,background,rural-regional,6.690393
10.7567329994682,52.8007730009554,46,DEUB005,Waldhof,10.756733,52.800773,74,background,rural,10.463367
10.7695340003517,50.6540660013915,47,DEUB029,Schmücke,10.769534,50.654066,937,background,rural,7.286816
13.03166199973,53.1413030008115,48,DEUB030,Neuglobsow,13.031662,53.141303,65,background,rural-regional,9.969703
12.0888982720833,55.6942059503232,49,DK0012R,Risoe,12.088898,55.694206,3,background,rural-regional,9.520642
25.9305686994251,59.4944458005808,50,EE0009R,Lahemaa,25.930569,59.494446,32,background,rural,5.188643
21.8450126610437,58.3761100804556,51,EE0011R,Vilsandi,21.845013,58.37611,6,background,rural,3.966952
26.7588977794712,58.7027778600728,52,EE0016A,Saarejärve,26.758898,58.702778,50,background,rural,5.433148
-4.35055999941083,39.5469400002164,53,ES0001R,SAN PABLO DE LOS MONTES,-4.35056,39.54694,917,background,rural,6.61236
4.31639000031281,39.8752800000927,54,ES0006R,MAHÓN,4.31639,39.87528,78,background,rural,7.035144
-3.53417000020783,37.2372200001844,55,ES0007R,VÍZNAR,-3.53417,37.23722,1230,background,rural,10.344214
-4.8499999995744,43.4391700006204,56,ES0008R,NIEMBRO,-4.85,43.43917,134,background,rural,7.051429
-3.14249999983954,41.2741700006063,57,ES0009R,CAMPISÁBALOS,-3.1425,41.27417,1360,background,rural,4.81686
3.31583000038572,42.3191699999649,58,ES0010R,CABO DE CREUS,3.31583,42.31917,23,background,rural,8.486239
-6.92361000043823,38.4727800004571,59,ES0011R,BARCARROTA,-6.92361,38.47278,393,background,rural,8.456647
-1.10110999993371,39.0827800001713,60,ES0012R,ZARRA,-1.10111,39.08278,885,background,rural,5.960674
-5.89750000041924,41.2388900000398,61,ES0013R,PEŃAUSENDE,-5.8975,41.23889,985,background,rural,5.795732
0.734720000218892,41.3938900003816,62,ES0014R,ELS TORMS,0.73472,41.39389,470,background,rural,8.335227
-7.70471999995733,42.6347200006498,63,ES0016R,O SAVIŃAO,-7.70472,42.63472,506,background,rural,8.379538
-3.23138888020979,42.8752777699523,64,ES1489A,VALDEREJO,-3.231389,42.875278,911,background,rural,6.162902
-0.169444440192683,40.7350000003248,65,ES1543A,ZORITA,-0.169444,40.735,619,background,rural,7.114348
-1.28138887973262,39.5586111106309,66,ES1670A,CAUDETE DE LAS FUENTES,-1.281389,39.558611,804,background,rural,11.081898
-0.831944440636934,39.708055550153,67,ES1671A,VILLAR DEL ARZOBISPO,-0.831944,39.708056,430,background,rural,10.759357
-3.46666999956596,40.9102800002189,68,ES1802A,EL ATAZAR,-3.46667,40.91028,995,background,rural,5.867473
-4.27472000014534,40.2519400000787,69,ES1810A,VILLA DEL PRADO,-4.27472,40.25194,469,background,rural,11.740706
2.68665000054126,39.6776600002412,70,ES1827A,HOSPITAL JOAN MARCH,2.68665,39.67766,172,background,rural,6.991095
-0.359166659989919,39.7822222199064,71,ES2018A,ALGAR DE PALŔNCIA,-0.359167,39.782222,200,background,rural,9.177124
24.6848599999708,60.3143900004024,72,FI00208,Luukki,24.68486,60.31439,64,background,rural,5.008677
21.3739499996327,59.7792300000577,73,FI00349,Utö,21.37395,59.77923,7,background,rural,4.971934
27.6753999999985,60.5300200003179,74,FI00893,Virolahti 2,27.6754,60.53002,4,background,rural,5.294007
2.3438932224775,49.1002566330048,75,FR04048,Zone Rurale Nord,2.343893,49.100257,140,background,rural-regional,12.660772
2.23693980564856,48.3641401290419,76,FR04066,Zone rurale Sud,2.23694,48.36414,134,background,rural-regional,9.648008
2.64529596660528,48.3547092564376,77,FR04328,Zone Rurale SE,2.645296,48.354709,127,background,rural-regional,9.169847
3.60066325441923,46.6526446521042,78,FR07022,Paray le Fresil,3.600663,46.652645,235,background,rural-regional,8.447957
1.99144820300771,50.6104843522331,79,FR10132,Campagne les B.,1.991448,50.610484,170,background,rural-regional,10.634634
3.91261221998257,49.1586266239122,80,FR14203,Pourcy,3.912612,49.158627,153,background,rural-near_city,11.019525
-1.83632712154261,47.8319337220479,81,FR19008,Serv Tech Guipry,-1.836327,47.831934,29,background,rural-remote,8.913834
-0.458333034371745,48.645008347056,82,FR21050,La Coulonche MERA,-0.458333,48.645008,309,background,rural-remote,8.07166
-0.743681088640079,46.6567141998015,83,FR23124,LA TARDIERE,-0.743681,46.656714,143,background,rural-remote,10.524742
-0.444044430564228,47.7877116329951,84,FR23177,SAINT-DENIS D'ANJOU,-0.444044,47.787712,50,background,rural-regional,10.292241
5.71170417299843,43.933519953173,85,FR24039,Obs Haute-Provence,5.711704,43.93352,670,background,rural-regional,7.504084
4.09832992182144,47.2750173114064,86,FR26012,Station MORVAN,4.09833,47.275017,620,background,rural-remote,9.567993
5.78555467160757,49.065837308169,87,FR30033,Jonville en Woevre,5.785555,49.065837,225,background,rural-regional,12.595133
5.82083151281494,46.0722194489242,88,FR33302,St Germain/Rhône,5.820832,46.072219,477,background,rural-regional,8.89671
2.61008200746779,46.8148188312689,89,FR34038,Verneuil,2.610082,46.814819,180,background,rural-regional,11.602657
5.27896773343405,44.5694309837226,90,FR36021,Drôme Rurale Sud-SND,5.278968,44.569431,617,background,rural,6.146076
9.19003485202627,42.2360870113135,91,FR41024,Venaco,9.190035,42.236087,655,background,rural-regional,7.685495
-1.32528299984744,51.5710780006895,92,GB0036R,Harwell,-1.325283,51.571078,126,background,rural,7.725895
-3.24289999916,55.7921600008151,93,GB0048R,Auchencorth Moss,-3.2429,55.79216,260,background,rural,3.176025
0.634889000087571,51.4561699997155,94,GB0617A,Rochester Stoke,0.634889,51.45617,14,background,rural,8.73313
15.6606388897113,46.1690555563272,95,HR0012A,"DESINIC - RH0112 - HR0012A; Državna mreža za trajno pracenje kvalitete zraka",15.660639,46.169056,0,background,rural-near_city,14.282799
15.6097777776127,44.8993333333883,96,HR0013A,"PLITVICKA JEZERA - RH0113 - HR0013A; Državna mreža za trajno pracenje kvalitete zraka",15.609778,44.899333,0,background,rural-regional,9.171703
-9.01267199975931,53.7038890008163,97,IE0145A,Mayo Claremorris,-9.012672,53.703889,45,background,rural-remote,5.735632
12.2663890004293,41.8894440009419,98,IT0952A,CASTEL DI GUIDO,12.266389,41.889444,61,background,rural,14.676796
12.9619440002612,42.5725000012128,99,IT0989A,LEONESSA,12.961944,42.5725,948,background,rural,9.897507
13.6744439994508,41.6700000007231,100,IT0992A,FONTECHIARI,13.674444,41.67,388,background,rural,14.543353
11.9611109996243,44.8397220009955,101,IT1179A,GHERARDI,11.961111,44.839722,-2,background,rural,20.559557
11.6394440000285,44.6622220005589,102,IT1451A,SAN PIETRO CAPOFIUME,11.639444,44.662222,11,background,rural,18.643258
9.55638899907976,45.4975000008729,103,IT1464A,CASIRATE D'ADDA,9.556389,45.4975,115,background,rural,26.64348
11.0069400000708,43.9161100011695,104,IT1553A,PT-MONTALE,11.00694,43.91611,48,background,rural,23.441667
12.5102780005184,45.8369440013824,105,IT1596A,MANSUE',12.510278,45.836944,14,background,rural,25.488571
18.1161099995065,40.4588900007458,106,IT1665A,LECCE - S. M. Cerrate,18.11611,40.45889,10,background,rural,17.683505
12.9522199996186,43.4680600009601,107,IT1773A,Genga -Parco Gola della Rossa,12.95222,43.46806,550,background,rural-regional,11.594837
13.6747199996353,43.3355600009819,108,IT1796A,Civitanova IPPODROMO S. MARONE,13.67472,43.33556,110,background,rural,12.557535
9.4969439993511,45.9130560013994,109,IT1812A,MOGGIO,9.496944,45.913056,1192,background,rural,12.047041
11.0708299994709,44.9969400007466,110,IT1865A,SCHIVENOGLIA,11.07083,44.99694,16,background,rural,26.951496
12.4680600001798,43.0669400006938,111,IT1902A,BRUFA,12.46806,43.06694,209,background,rural,13.312321
9.0524299996249,44.763350000746,112,IT1904A,Dernice - Costa,9.05243,44.76335,620,background,rural,11.011142
10.2888889999235,44.6575000008846,113,IT1911A,BADIA,10.288889,44.6575,202,background,rural,14.707042
10.663888999497,44.8730560011496,114,IT1914A,SAN ROCCO,10.663889,44.873056,22,background,rural,23.017192
12.627499999173,43.9327780007448,115,IT1915A,SAN CLEMENTE,12.6275,43.932778,165,background,rural,15.268362
11.9422220001776,44.7416670009116,116,IT1919A,OSTELLATO,11.942222,44.741667,0,background,rural,19.083333
11.1779499998862,44.9278400007738,117,IT1921A,GAVELLO,11.17795,44.92784,4,background,rural,20.044818
10.0191669998853,44.989444000688,118,IT1924A,BESENZONE,10.019167,44.989444,48,background,rural,26.727528
11.9813809998185,44.5264850008142,119,IT1927A,BALLIRANA,11.981381,44.526485,1,background,rural,18.326284
8.31031000059065,44.8080100011197,120,IT1948A,Vinchio - San Michele,8.31031,44.80801,258,background,rural,20.749296
8.7730559998125,40.2563890004544,121,IT1996A,CENMA1,8.773056,40.256389,532,background,rural-near_city,7.149379
11.8650000003396,42.7447200010803,122,IT2023A,ACQUAPENDENTE,11.865,42.74472,420,background,rural,10.436975
10.9261109993641,44.15000000121,123,IT2097A,CASTELLUCCIO,10.926111,44.15,811,background,rural,6.641834
12.5661099995305,42.8047200012285,124,IT2099A,M Martani,12.56611,42.80472,1038,background,rural,8.455446
7.42621999983091,44.7197600008816,125,IT2119A,Revello - Staffarda,7.42622,44.71976,268,background,rural,25.84375
15.3866699999628,41.6308300008734,126,IT2141A,Posta del Principe,15.38667,41.63083,150,background,rural,13.391694
15.4408299997709,41.546660001133,127,IT2142A,Azienda Russo,15.44083,41.54666,150,background,rural,13.131818
26.0041694600971,55.4633331302268,128,LT00051,Aukstaitija,26.004169,55.463333,180,background,rural,7.775623
6.30533000014774,49.7222600000025,129,LU0105A,Beidweiler,6.30533,49.72226,319,background,rural-regional,11.022904
14.1971544132817,36.067040741915,130,MT00007,Gharb Station,14.197154,36.067041,114,background,rural-regional,9.19006
5.14890241965277,51.5194435100487,131,NL00230,Biest Houtakker-Biestsestraat,5.148902,51.519444,15,background,rural,12.270036
4.51028633011264,52.2980537402937,132,NL00444,De Zilk-Vogelaarsdreef,4.510286,52.298054,4,background,rural,9.512012
5.05084180940195,52.8047218304194,133,NL00538,Wieringerwerf-Medemblikkerweg,5.050842,52.804722,-4,background,rural,8.977558
4.77358899967326,52.3335610004185,134,NL00561,Badhoevedorp-Sloterweg,4.773589,52.333561,1,background,rural,12.989084
4.73000001929415,52.4000015298986,135,NL00703,Amsterdam-Spaarnwoude,4.73,52.400002,1,background,rural,12.013362
8.25190000020648,58.3884600003205,136,NO0002R,Nye Birkenes,8.2519,58.38846,200,background,rural-regional,2.707727
8.87658000102625,62.7824600004116,137,NO0039R,Kĺrvatn,8.87658,62.78246,210,background,rural-regional,1.512005
11.0740700008169,60.372880000551,138,NO0056R,Hurdal25,11.07407,60.37288,280,background,rural-regional,2.752935
22.0380560009554,54.1248190001042,139,PL0005R,KMS Puszcza Borecka,22.038056,54.124819,157,background,rural,12.482206
19.4587970000927,50.7108890008328,140,PL0243A,"Zloty Potok, Lesniczówka",19.458797,50.710889,291,background,rural,18.470833
15.4317189995968,51.3176300000897,141,PL0505A,Osieczów,15.431719,51.31763,179,background,rural,14.53796
-8.89166700050884,39.9238890011805,142,PT02019,Ervedeira,-8.891667,39.923889,60,background,rural,7.347346
-7.30194400017068,40.2330560010621,143,PT02020,Fundăo,-7.301944,40.233056,473,background,rural,5.618682
-8.46611100072467,39.3525000007527,144,PT03096,Chamusca,-8.466111,39.3525,143,background,rural,10.51776
-8.69055599972664,38.6355560004149,145,PT03099,Fernando Pó,-8.690556,38.635556,57,background,rural,11.822876
-7.39749999961156,38.615000000674,146,PT04006,Terena,-7.3975,38.615,187,background,rural,12.341719
-7.67861099982368,37.3125000002746,147,PT05012,Cerro,-7.678611,37.3125,300,background,rural,6.654075
26.1166667901761,44.616664890051,148,RO0072A,B8 Balotesti,26.116667,44.616665,30,background,rural,18.895706
26.0387390001891,43.9638140001072,149,RO0210A,GR-4,26.038739,43.963814,20,background,rural,13.13879
14.8580599993181,45.5610700002426,150,SI0008R,Iskrba,14.85806,45.56107,540,background,rural,10.032877
20.291116710143,49.152778630298,151,SK0004R,Stara Lesna - AU SAV EMEP/O3,20.291117,49.152779,808,background,rural,10.67064
16.7666670005356,47.7666670015463,152,X_AT0002R,Illmitz,16.766667,47.766667,117,background,rural,14.702786
12.9338600000764,51.5301400013972,153,X_DE0044R,Melpitz,12.93386,51.53014,86,background,rural,14.731795
24.2372222220319,68.0000000004209,154,X_FI0036R,Pallas (Matorova),24.237222,68,340,background,rural,3.427191
4.63333299967956,49.9000000012852,155,X_FR0009R,Revin,4.633333,49.9,390,background,rural,14.76596
5.27897222231552,44.5694444446463,156,X_FR0023R,Saint-Nazaire-le-Désert,5.278972,44.569444,605,background,rural,6.179576
19.5833330000439,46.9666670012366,157,X_HU0002R,K-puszta,19.583333,46.966667,125,background,rural,17.358067
6.9447220005314,46.8130560005571,158,X_CH0002R,Payerne,6.944722,46.813056,489,background,rural,9.748889
8.46388899990308,47.0675000004642,159,X_CH0005R,Rigi,8.463889,47.0675,1031,background,rural,5.774699
21.1730559994838,56.1619440009374,160,X_LV0010R,Rucava,21.173056,56.161944,18,background,rural,10.848464
22.0666670004965,54.1500000004305,161,X_PL0005R,Diabla Gora,22.066667,54.15,157,background,rural,12.486371
13.6147766145871,49.0684269423546,162,Y_CZ0CCHU,Churanov,13.614777,49.068427,1118,background,rural-regional,7.103898
16.0342091693062,49.7350675478518,163,Y_CZ0ESVR,Svratouch,16.034209,49.735068,735,background,rural-regional,11.822
16.0986183751775,49.3835840668014,164,Y_CZ0JKRI,Krizanov,16.098618,49.383584,525,background,rural-nearcity,15.089
17.8042496042369,49.5870793955151,165,Y_CZ0MBEL,Belotin,17.80425,49.587079,306,background,rural-nearcity,22.236
18.3483591727265,49.5592341541133,166,Y_CZ0TCEL,Celadna,18.348359,49.559234,400,background,rural-nearcity,17.006
14.1702049556565,50.4588324019429,167,Y_CZ0UDOK,Doksany,14.170205,50.458832,158,background,rural-nearcity,17.747
20.7801799991685,40.6259300001269,168,AL0203A,Korca,20.78018,40.62593,848,background,suburban,30.33897
19.5234200005101,42.3139000004756,169,AL0206A,Shkoder,19.52342,42.3139,13,background,urban,13.236321
16.5280600008923,47.8400000005482,170,AT10001,Eisenstadt Laschoberstraße,16.52806,47.84,160,background,suburban,14.568675
14.3180600004713,46.62556000031,171,AT2KA21,Klagenfurt Völkermarkter Straße,14.31806,46.62556,445,background,urban,16.919576
14.2991444441298,46.6266166670509,172,AT2KA71,Klagenfurt Sterneckstraße,14.299144,46.626617,445,background,urban,14.608504
14.8436111118094,46.8350000005499,173,AT2WO15,Wolfsberg Hauptschule,14.843611,46.835,460,background,urban,19.190335
16.330277777464,48.0838888896443,174,AT31413,Wiener Neudorf Hauptstraße,16.330278,48.083889,210,background,suburban,13.965723
15.6341670007456,48.2124999997881,175,AT32301,St. Pölten Eybnerstraße,15.634167,48.2125,270,background,urban,13.97845
16.4744444448251,48.1450000004165,176,AT32701,"Schwechat Sportplatz, Mühlgasse",16.474444,48.145,155,background,suburban,16.251845
13.6322222225948,47.716111111725,177,AT4S125,"Bad Ischl, Rettenbachstraße",13.632222,47.716111,460,background,suburban,9.26586
13.0397222216517,48.2577777783624,178,AT4S156,"Braunau Zentrum, Kolpingplatz",13.039722,48.257778,350,background,urban,12.523505
14.2388888900287,48.2252778000931,179,AT4S404,Traun Tischlerstraße,14.238889,48.225278,274,background,suburban,15.235787
13.6674999998467,48.0008333340631,180,AT4S407,"Vöcklabruck, Untere Agergasse",13.6675,48.000833,420,background,suburban,12.29686
14.4427777772152,48.0494444450325,181,AT4S409,Steyr Münichholz,14.442778,48.049444,305,background,urban,11.781854
15.1527777784438,47.0447222232362,182,AT60107,Voitsberg Mühlgasse,15.152778,47.044722,390,background,urban,14.787564
15.5405555556542,46.7783333336157,183,AT60197,Leibnitz Lastenstraße,15.540556,46.778333,272,background,suburban,19.929107
16.3097499994108,48.2050000004765,184,AT9KEND,Kendlerstraße,16.30975,48.205,236,background,urban,14.100782
16.4583449999998,48.2263608339172,185,AT9STAD,Stadlau,16.458345,48.226361,159,background,urban,14.567044
3.23406610140328,51.2134632171168,186,BEGBB15,26BB15 - BRUGGE,3.234066,51.213463,5,background,urban,12.944598
3.72929817179046,51.0583317176733,187,BEGR701,26R701 - GENT,3.729298,51.058332,5,background,urban,14.640805
4.43182104665007,51.2096625320389,188,BEGR801,26R801 - BORGERHOUT,4.431821,51.209663,6,background,urban,14.81268
4.4913620277736,51.2521034131353,189,BEGR811,26R811 - SCHOTEN,4.491362,51.252103,8,background,suburban,13.718232
4.32182021469567,51.3407274935133,190,BELAB02,40AB02 - BERENDRECHT,4.32182,51.340727,10,background,suburban,13.09626
4.38522368474127,51.2361942013866,191,BELAL01,40AL01 - LINKEROEVER,4.385224,51.236194,10,background,suburban,13.189466
4.34100506439972,51.1702980402579,192,BELHB23,40HB23 - HOBOKEN,4.341005,51.170298,13,background,suburban,14.934121
3.10964187433129,50.7934690454798,193,BELMN01,40MN01 - MENEN,3.109642,50.793469,10,background,suburban,13.435091
3.12115559839585,50.9531772814629,194,BELRL01,40RL01 - ROESELARE,3.121156,50.953177,20,background,suburban,13.367502
4.51218434634045,50.9130204247179,195,BELSZ02,40SZ02 - STEENOKKERZ,4.512184,50.91302,15,background,suburban,13.040427
4.28833636677795,50.858030594951,196,BETB011,41B011 - BERCHEM S.A,4.288336,50.858031,30,background,suburban,12.665909
5.54746418259141,50.6249915708197,197,BETH201,43H201 - LIEGE,5.547464,50.624992,160,background,suburban,10.52111
5.61114976316206,50.6119227083874,198,BETM204,43M204 - ANGLEUR,5.61115,50.611923,70,background,suburban,10.300577
4.39271769764103,50.8951005639201,199,BETMEU1,41MEU1 - MEUDON,4.392718,50.895101,50,background,suburban,15.115963
4.8376180160585,50.9775413790505,200,BETN035,42N035 - AARSCHOT,4.837618,50.977541,55,background,suburban,13.434084
5.36837853139112,50.9397118663737,201,BETN045,42N045 - HASSELT,5.368379,50.939712,41,background,suburban,13.466545
3.32249431940761,50.8148738713382,202,BETN052,44N052 - ZWEVEGEM,3.322494,50.814874,27,background,suburban,14.683366
3.93971432473081,50.4651921580296,203,BETN070,43N070 - MONS,3.939714,50.465192,30,background,suburban,12.551983
4.33381970814003,50.8496654894063,204,BETR001,41R001 - MOLENBEEK,4.33382,50.849665,15,background,urban,14.705634
4.35853885552734,50.7966316392667,205,BETR012,41R012 - UCCLE,4.358539,50.796632,100,background,suburban,14.419126
4.43672076363686,50.9413871154008,206,BETR020,42R020 - VILVOORDE,4.436721,50.941387,12,background,suburban,14.460037
5.62783529043824,50.6584444181783,207,BETR221,43R221 - LIEGE,5.627835,50.658444,65,background,urban,11.341185
5.57022281436332,50.6134125030261,208,BETR222,43R222 - SERAING,5.570223,50.613413,65,background,suburban,10.924992
4.4521717802355,50.4093114536371,209,BETR501,45R501 - CHARLEROI,4.452172,50.409311,115,background,urban,12.842754
4.45868085869822,50.4289953939716,210,BETR502,45R502 - LODELINSART,4.458681,50.428995,135,background,suburban,12.737044
4.52113020741928,50.4164333611123,211,BETR510,45R510 - CHATELINEAU,4.52113,50.416433,118,background,suburban,12.025819
4.4247004508375,50.3775921033038,212,BETR511,45R511 - MARCINELLE,4.4247,50.377592,157,background,suburban,11.799868
3.72929817179046,51.0583317176733,213,BETR701,44R701 - GENT,3.729298,51.058332,5,background,urban,14.327172
3.77526239030724,51.0612776993642,214,BETR710,44R710 - DESTELBERGE,3.775262,51.061278,6,background,suburban,14.449595
4.43182104665007,51.2096625320389,215,BETR801,42R801 - BORGERHOUT,4.431821,51.209663,6,background,urban,14.569196
4.4913620277736,51.2521034131353,216,BETR811,42R811 - SCHOTEN,4.491362,51.252103,8,background,suburban,14.176761
4.38010354543826,51.0920000387417,217,BETR834,42R834 - Boom,4.380104,51.092,0,background,suburban,13.806131
33.0177579308698,34.6816325038602,218,CY0005A,LIMASSOL RESIDENTIAL,33.017758,34.681633,22,background,urban,17.802967
33.3316292902428,35.1269753281135,219,CY0006A,NICOSIA RESIDENTIAL,33.331629,35.126975,208,background,urban,16.875843
33.6158562470366,34.9136300613447,220,CY0007A,LARNAKA RESIDENTIAL,33.615856,34.91363,17,background,urban,20.32358
32.4386140662996,34.7794534996053,221,CY0008A,PAFOS RESIDENTIAL,32.438614,34.779453,103,background,suburban,15.403012
14.445933341416,50.0073051457251,222,CZ0ALIB,Praha 4-Libus,14.445933,50.007305,301,background,suburban,15.720217
14.4426918021543,50.0814819348123,223,CZ0ARIE,Praha 2-Riegrovy sady,14.442692,50.081482,256,background,urban,15.57881
14.3314132694218,50.0461311351932,224,CZ0ASTO,Praha 5-Stodulky,14.331413,50.046131,309,background,urban,15.313738
16.6962165839543,49.1489715587889,225,CZ0BBNY,Brno-Turany,16.696217,49.148972,241,background,suburban,17.68138
16.0601272585773,48.8429565439824,226,CZ0BZNO,Znojmo,16.060127,48.842957,225,background,suburban,16.817191
14.4656839375095,48.9843864447927,227,CZ0CCBD,Ceske Budejovice,14.465684,48.984386,383,background,urban,14.266245
15.7635488511059,50.0240364084919,228,CZ0EPAU,Pardubice Dukla,15.763549,50.024036,239,background,urban,18.682784
15.6102457046543,49.4015960704378,229,CZ0JJIH,Jihlava,15.610246,49.401596,502,background,urban,16.489249
12.6728181843717,50.1728248612264,230,CZ0KSOM,Sokolov,12.672818,50.172825,476,background,suburban,13.479739
17.2380733492894,49.6014633184967,231,CZ0MOLJ,Olomouc-Hejcin,17.238073,49.601463,224,background,urban,23.921083
13.3755397800469,49.7283935553529,232,CZ0PPLB,Plzen-Bory,13.37554,49.728394,346,background,urban,18.435565
13.3682212826823,49.7701263438372,233,CZ0PPLL,Plzen-Lochotin,13.368221,49.770126,360,background,urban,16.653832
14.1017837524536,50.1438598646307,234,CZ0SKLM,Kladno-stred mesta,14.101784,50.14386,303,background,urban,12.296574
14.9138593670276,50.4286460885079,235,CZ0SMBO,Mlada Boleslav,14.913859,50.428646,224,background,urban,17.270451
18.2471809386209,49.7960395823223,236,CZ0TOZR,Ostrava-Zabreh,18.247181,49.79604,235,background,urban,25.380925
18.6777992244071,49.6681137100264,237,CZ0TTRO,Trinec-Kosmos,18.677799,49.668114,320,background,urban,24.696366
13.6452722553397,50.5103645328907,238,CZ0UMOM,Most,13.645272,50.510365,221,background,urban,18.666911
13.851249695019,50.6452789316075,239,CZ0UTPM,Teplice,13.85125,50.645279,257,background,urban,19.436881
14.0411949152973,50.6835250859086,240,CZ0UULK,Usti n.L.-Kockov,14.041195,50.683525,367,background,suburban,15.357874
17.6671752932492,49.2329063426205,241,CZ0ZZLN,Zlin,17.667175,49.232906,258,background,suburban,15.830083
13.5267960001393,51.4627340008446,242,DEBB007,Elsterwerda,13.526796,51.462734,89,background,suburban,13.736274
13.0599450010047,52.401352001416,243,DEBB021,Potsdam-Zentrum,13.059945,52.401352,31,background,urban,13.695237
12.5523030005131,52.4204420005899,244,DEBB055,Brandenburg a.d. Havel,12.552303,52.420442,33,background,suburban,13.316793
11.7384599991268,52.9987500007095,245,DEBB063,Wittenberge,11.73846,52.99875,22,background,suburban,10.390088
14.3345499995444,51.7463440002748,246,DEBB064,Cottbus,14.33455,51.746344,75,background,urban,13.485642
12.885193999528,52.6086090009517,247,DEBB067,Nauen,12.885194,52.608609,31,background,suburban,12.886066
14.3763999996369,51.5645000010732,248,DEBB083,Spremberg,14.3764,51.5645,99,background,suburban,13.224965
13.4243039996936,52.3497030011662,249,DEBB086,Blankenfelde-Mahlow,13.424304,52.349703,43,background,suburban,14.294797
13.3493259995202,52.5430410010746,250,DEBE010,B Wedding-Amrumer Str.,13.349326,52.543041,35,background,urban,15.250826
13.430843999965,52.4894510006113,251,DEBE034,B Neukölln-Nansenstraße,13.430844,52.489451,35,background,urban,17.119724
13.4188329991019,52.5136060005574,252,DEBE068,"B Mitte, Brückenstraße",13.418833,52.513606,35,background,urban,16.061823
9.22974500043331,48.8088000004319,253,DEBW013,Stuttgart Bad Cannstatt,9.229745,48.8088,235,background,urban,12.379726
9.22478600002767,49.1655080009756,254,DEBW015,Heilbronn,9.224786,49.165508,157,background,suburban,13.91155
9.9790310006262,48.3968360004287,255,DEBW019,Ulm,9.979031,48.396836,481,background,urban,13.192736
7.63327099993655,47.5881520009345,256,DEBW023,Weil am Rhein,7.633271,47.588152,275,background,suburban,12.319939
8.66553599936418,48.8890390005253,257,DEBW033,Pforzheim,8.665536,48.889039,278,background,urban,11.823123
9.16928900075131,47.6643610012023,258,DEBW052,Konstanz,9.169289,47.664361,403,background,urban,12.423116
8.35562800073644,49.0285940006028,259,DEBW081,Karlsruhe-Nordwest,8.355628,49.028594,114,background,urban,11.994496
7.83212200026234,48.001511001038,260,DEBW084,Freiburg,7.832122,48.001511,262,background,urban,10.578466
9.05117799964714,48.507703001185,261,DEBW107,Tübingen,9.051178,48.507703,325,background,suburban,12.087066
12.1886500003824,50.0581950009508,262,DEBY002,Arzberg/Egerstraße,12.18865,50.058195,480,background,suburban,13.370539
9.11797299975911,49.9915180006212,263,DEBY005,Aschaffenburg/Bussardweg,9.117973,49.991518,134,background,suburban,12.226837
10.8883699993824,48.3765760004152,264,DEBY007,Augsburg/Bourges-Platz,10.88837,48.376576,477,background,urban,13.376674
10.8876859996672,49.8983300013286,265,DEBY009,Bamberg/Löwenbrücke,10.887686,49.89833,231,background,urban,13.076938
12.829313999937,48.1771750008186,266,DEBY012,Burghausen/Marktler Straße,12.829314,48.177175,420,background,suburban,13.667626
10.3065609995525,47.7251400012558,267,DEBY031,Kempten (Allgäu)/Westendstraße,10.306561,47.72514,678,background,suburban,10.870899
11.554669000316,48.1545340013556,268,DEBY039,München/Lothstraße,11.554669,48.154534,521,background,urban,12.392775
10.0082930002705,48.3970790010192,269,DEBY052,Neu-Ulm/Gabelsbergerstraße,10.008293,48.397079,470,background,urban,13.687462
11.0248000000208,49.4622290007908,270,DEBY058,Nürnberg/Muggenhof,11.0248,49.462229,300,background,urban,13.515509
12.1281390004488,49.3219550009431,271,DEBY067,Schwandorf/Wackersdorfer Straße,12.128139,49.321955,380,background,suburban,13.536733
12.1593609991772,49.6789500005145,272,DEBY075,Weiden i.d.OPf./Nikolaistraße,12.159361,49.67895,400,background,urban,13.427596
9.95641999978471,49.8046950011811,273,DEBY077,Würzburg/Kopfklinik,9.95642,49.804695,226,background,suburban,11.990753
12.5381740003821,48.0216570008141,274,DEBY088,Trostberg/Schwimmbadstraße,12.538174,48.021657,488,background,suburban,12.232226
11.6480360003439,48.1731940003455,275,DEBY089,München/Johanneskirchen,11.648036,48.173194,513,background,suburban,11.973409
10.9030509998824,48.3260130008224,276,DEBY099,Augsburg/LfU,10.903051,48.326013,495,background,suburban,12.609537
13.4220390001127,48.5736290009007,277,DEBY118,Passau/Stelzhamerstraße,13.422039,48.573629,300,background,urban,15.24653
10.5977200002723,48.9521800011305,278,DEBY187,Oettingen/Goethestraße,10.59772,48.95218,417,background,suburban,12.751086
8.9169659996323,53.0600450005583,279,DEHB002,Bremen-Ost,8.916966,53.060045,7,background,urban,11.951139
8.56940499908972,53.5624550008014,280,DEHB005,Bremerhaven,8.569405,53.562455,3,background,urban,10.282646
8.74634300032955,50.1253320012187,281,DEHE008,Frankfurt-Ost,8.746343,50.125332,100,background,urban,13.002718
9.48339699972639,51.3142480013719,282,DEHE013,Kassel-Mitte,9.483397,51.314248,181,background,urban,11.948696
8.24494900003137,50.0503430009507,283,DEHE022,Wiesbaden-Süd,8.244949,50.050343,121,background,urban,12.040123
9.96788199975354,53.564140001151,284,DEHH008,Hamburg Sternschanze,9.967882,53.56414,15,background,urban,12.951982
9.99056900076298,53.507930000809,285,DEHH059,Hamburg Wilhelmsburg,9.990569,53.50793,3,background,urban,13.776988
12.1755120010116,53.7817500006495,286,DEMV019,Güstrow,12.175512,53.78175,17,background,urban,11.565453
12.0800030005281,54.1713300007926,287,DEMV021,Rostock-Warnemünde,12.080003,54.17133,2,background,urban,10.882653
8.05286000063313,52.2553400013145,288,DENI038,Osnabrück,8.05286,52.25534,95,background,urban,11.325708
9.06255000010256,52.1701700005891,289,DENI041,Weserbergland,9.06255,52.17017,54,background,suburban,10.626572
9.94975999986271,51.5510700011057,290,DENI042,Göttingen,9.94976,51.55107,170,background,suburban,8.884077
7.3174700000444,52.4985500006195,291,DENI043,Emsland,7.31747,52.49855,30,background,suburban,12.163193
9.70612000019396,52.3629200015041,292,DENI054,Hannover,9.70612,52.36292,85,background,urban,11.397428
7.33140499910832,51.6413830007615,293,DENW002,Datteln-Hagem,7.331405,51.641383,80,background,suburban,14.545125
7.45746299937407,51.536911001121,294,DENW008,Dortmund-Eving,7.457463,51.536911,75,background,urban,14.033249
7.69383500047193,51.5474950008495,295,DENW010,Unna-Königsborn,7.693835,51.547495,72,background,suburban,13.009496
7.10178600051383,51.5336460004155,296,DENW022,Gelsenkirchen-Bismarck,7.101786,51.533646,40,background,suburban,14.49445
6.98104499995573,51.4965270006664,297,DENW024,Essen-Vogelheim,6.981045,51.496527,47,background,urban,15.073384
6.62957600004216,51.6728090005063,298,DENW030,Wesel-Feldmark,6.629576,51.672809,25,background,suburban,13.879151
6.7323829992338,51.2492110011987,299,DENW071,Düsseldorf-Lörick,6.732383,51.249211,32,background,urban,12.705393
7.23189500026572,51.2776470011862,300,DENW114,Wuppertal-Langerfeld,7.231895,51.277647,186,background,urban,12.574983
7.5822950004996,51.4487620010837,301,DENW179,Schwerte,7.582295,51.448762,157,background,urban,12.789846
6.96564299993054,51.4069680009597,302,DENW247,Essen-Schuir (LANUV),6.965643,51.406968,153,background,suburban,13.120164
8.27396500052671,49.9949750005137,303,DERP009,Mainz-Zitadelle,8.273965,49.994975,110,background,urban,13.271031
7.76730000055162,49.4460000008871,304,DERP019,Kaiserslautern-Rathausplatz,7.7673,49.446,232,background,urban,12.890498
7.86620799969481,49.8421360005076,305,DERP022,Bad Kreuznach-Bosenheimer Straße,7.866208,49.842136,108,background,urban,12.711364
8.42300499955807,49.3511430007507,306,DERP053,Speyer-Nord,8.423005,49.351143,103,background,suburban,14.384997
9.53263500073539,53.9247120011434,307,DESH015,Itzehoe,9.532635,53.924712,40,background,suburban,12.364177
10.6959360002026,53.8354920014054,308,DESH023,Lübeck-St. Jürgen,10.695936,53.835492,12,background,urban,11.214417
6.98760100012064,49.2334640007581,309,DESL012,Saarbrücken-City,6.987601,49.233464,192,background,urban,12.244933
12.2974110009378,51.3179050010562,310,DESN059,Leipzig-West,12.297411,51.317905,115,background,urban,12.017583
13.7302049992162,51.0361050008914,311,DESN092,Dresden-Winckelmannstr.,13.730205,51.036105,112,background,urban,13.010192
11.8647629996149,52.2683540015002,312,DEST002,Burg,11.864763,52.268354,47,background,suburban,12.134096
11.9790559999631,51.4961850014084,313,DEST050,Halle/Nord,11.979056,51.496185,116,background,urban,12.893257
11.6114640004992,52.127899001015,314,DEST077,Magdeburg/West,11.611464,52.127899,58,background,urban,12.934388
11.0379240009445,50.9794550010363,315,DETH020,Erfurt Krämpferstr.,11.037924,50.979455,195,background,urban,11.104895
12.205198999905,50.6558610007622,316,DETH036,Greiz Mollbergstr.,12.205199,50.655861,265,background,urban,11.983944
10.6686410002134,50.6532450006691,317,DETH060,Zella-Mehlis,10.668641,50.653245,490,background,urban,10.383987
12.5614121124285,55.7002810674801,318,DK0045A,Copenhagen/1259,12.561412,55.700281,25,background,urban,11.635107
10.1936326856479,56.1597834477857,319,DK0056A,Ĺrhus/6160,10.193633,56.159783,21,background,urban,9.856579
24.6494579291213,59.414169310721,320,EE0018A,Őismäe,24.649458,59.414169,6,background,urban,6.27563
26.7347220005414,58.3705560008533,321,EE0021A,Tartu,26.734722,58.370556,41,background,urban,8.941618
28.1791669989344,59.3761610000509,322,EE0022A,Narva,28.179167,59.376161,25,background,urban,5.943251
2.11957394359781,41.3849063757146,323,ES0567A,Barcelona (Zona Universitŕria),2.119574,41.384906,24,background,urban,15.060833
2.20452259484129,41.4038818517625,324,ES0691A,Barcelona (el Poblenou),2.204523,41.403882,3,background,urban,17.963018
-3.74916666008697,40.4200000007874,325,ES1193A,CASA DE CAMPO,-3.749167,40.42,645,background,suburban,9.970065
-8.73694443955152,42.2102777708102,326,ES1440A,ESTACION 1 (ESTE),-8.736944,42.210278,12,background,urban,14.872995
-3.63611000028449,42.3361100010059,327,ES1443A,BURGOS 4,-3.63611,42.33611,929,background,urban,10.019336
-1.65138999999008,42.8072200007444,328,ES1472A,ITURRAMA,-1.65139,42.80722,449,background,urban,11.227654
-6.36027999997626,39.472780000397,329,ES1615A,CÁCERES,-6.36028,39.47278,389,background,urban,6.720053
-0.36833332966052,39.4780555502015,330,ES1619A,VALČNCIA-VIVERS,-0.368333,39.478056,11,background,urban,19.688172
-0.893609999391138,41.6352800009704,331,ES1641A,RENOVALES,-0.89361,41.63528,220,background,urban,12.155689
-0.603333330231688,39.9305555503776,332,ES1691A,VIVER,-0.603333,39.930556,616,background,suburban,8.071548
-3.48417000056413,40.4550000009962,333,ES1752A,TORREJON DE ARDOZ,-3.48417,40.455,581,background,suburban,9.272346
-3.67972000034292,40.1852800010396,334,ES1809A,VALDEMORO,-3.67972,40.18528,610,background,suburban,12.140876
-4.02082999940427,39.8680600000869,335,ES1818A,TOLEDO2,-4.02083,39.86806,500,background,urban,11.965899
-3.50306000073407,40.5933300004074,336,ES1838A,ALGETE,-3.50306,40.59333,721,background,suburban,6.545989
2.14799203172827,41.4260772004127,337,ES1856A,Barcelona (parc de la Vall d'Hebron),2.147992,41.426077,136,background,urban,15.321534
-8.55916665994643,42.8758333308016,338,ES1868A,COMPOSTELA,-8.559167,42.875833,220,background,urban,7.301614
-0.336388879729421,39.4802777708439,339,ES1885A,VALČNCIA-POLITČCNIC,-0.336389,39.480278,7,background,urban,12.099082
-3.83389000038246,40.3419400001972,340,ES1890A,ALCORCÓN,-3.83389,40.34194,693,background,urban,8.019741
-0.803333330603077,38.4547222201025,341,ES1914A,ELDA-LACY,-0.803333,38.454722,355,background,suburban,9.289138
-0.506666660061734,38.3402777698354,342,ES1915A,ALACANT-FLORIDA-BABEL,-0.506667,38.340278,55,background,urban,12.634615
-3.68666665985863,40.3980555501883,343,ES1937A,MENDEZ ALVARO,-3.686667,40.398056,609,background,urban,11.917005
-8.40888888036993,43.3825000003806,344,ES1957A,TORRE DE HÉRCULES,-8.408889,43.3825,25,background,suburban,16.062731
-5.67065000029754,43.5165880003438,345,ES1974A,MONTEVIL,-5.67065,43.516588,51,background,suburban,10.773827
-6.14722000005184,40.0777800003234,346,ES1997A,PLASENCIA,-6.14722,40.07778,181,background,suburban,7.034714
28.2458499997917,61.0574800001748,347,FI00280,Tirilä Pekkasenkatu,28.24585,61.05748,91,background,suburban,7.017104
27.6695200000512,62.8936000004056,348,FI00363,Kasarmipuisto,27.66952,62.8936,112,background,urban,4.539228
24.9506000010182,60.1873900007091,349,FI00425,Kallio 2,24.9506,60.18739,21,background,urban,5.415536
21.6040700003392,63.1012099999542,350,FI00586,Vaasa vesitorni,21.60407,63.10121,16,background,urban,4.354429
24.0628699997778,60.251450000426,351,FI00761,Nahkurintori 2,24.06287,60.25145,56,background,urban,4.460459
25.1024400002811,60.2239300004144,352,FI00781,Vartiokylä Huivipolku,25.10244,60.22393,25,background,suburban,6.839457
23.8022099995098,61.4991000005092,353,FI00801,Kaleva,23.80221,61.4991,109,background,urban,5.945455
6.18083136292584,49.1194269667451,354,FR01011,Metz-Centre,6.180831,49.119427,192,background,urban,15.01001
6.1569451595211,49.3583143926197,355,FR01020,Thionville-Centre,6.156945,49.358314,154,background,urban,14.09636
5.21972384044637,43.5105599765545,356,FR02020,Rognac les Brets,5.219724,43.51056,45,background,suburban,12.691131
2.29471944472312,48.9296919615279,357,FR04002,GENNEVILLIERS,2.294719,48.929692,28,background,urban,13.264381
2.44472012996707,48.9908560546841,358,FR04024,GONESSE,2.44472,48.990856,65,background,suburban,13.844158
2.37580138136942,48.7757726869586,359,FR04034,VITRY-SUR-SEINE,2.375801,48.775773,95,background,urban,13.648356
2.35099889637488,48.8589975110874,360,FR04143,PARIS Centre,2.350999,48.858998,37,background,urban,14.266079
2.45249954032755,48.9024772799815,361,FR04156,BOBIGNY,2.4525,48.902477,51,background,urban,13.432214
1.83053298796004,48.6337298817532,362,FR04181,RAMBOUILLET,1.830533,48.63373,164,background,suburban,11.77751
0.10064544780219,49.5146953803688,363,FR05090,Le Havre ville-haute,0.100645,49.514695,92,background,urban,10.268031
3.50803796457533,50.3585299565094,364,FR06001,Valenciennes Acacias,3.508038,50.35853,43,background,urban,14.247516
3.23606403005364,50.172479459826,365,FR06009,Cambrai Gambetta,3.236064,50.172479,59,background,urban,12.300589
3.1138302693435,45.7972643589328,366,FR07004,Montferrand,3.11383,45.797264,340,background,urban,11.424204
3.88689345339823,43.5915522703372,367,FR08016,Prés Arčnes,3.886893,43.591552,8,background,urban,14.051007
4.08842150513594,43.6757493551053,368,FR08020,Lunel,4.088422,43.675749,10,background,suburban,11.80413
4.6973624858837,44.0535311988848,369,FR08252,GARNOR03,4.697362,44.053531,83,background,suburban,14.732841
2.89969885506793,42.6957766727519,370,FR08714,Les Carmes,2.899699,42.695777,25,background,urban,10.047503
-1.15359852156061,46.1625727395317,371,FR09003,place de VERDUN,-1.153599,46.162573,10,background,urban,10.455317
-0.458889091532634,46.3295622086229,372,FR09019,Ecole Jules Ferry,-0.458889,46.329562,48,background,urban,11.060378
0.167166592008205,45.6474392474653,373,FR09103,Square Pablo Casals,0.167167,45.647439,83,background,urban,11.263739
-1.21120748073119,46.1616394523277,374,FR09203,Place Orbigny LR,-1.211207,46.161639,10,background,urban,10.200199
2.42004340911231,51.0485717265968,375,FR10004,Malo-les-Bains,2.420043,51.048572,8,background,urban,11.856743
1.84308245158087,50.947317026224,376,FR10016,Calais Berthelot,1.843082,50.947317,4,background,urban,10.783774
2.36627025620491,50.9959649497287,377,FR10029,Cappelle,2.36627,50.995965,2,background,suburban,13.016788
3.09031237430692,50.628038957565,378,FR11025,Lille Fives,3.090312,50.628039,25,background,urban,15.476296
1.44388910562383,43.5871929190304,379,FR12030,BERTHELOT,1.443889,43.587193,150,background,urban,11.859996
4.02055378452238,49.2241447330474,380,FR14012,Jean d Aulan,4.020554,49.224145,93,background,urban,13.463603
4.96611146853541,48.6458392920736,381,FR14042,St DIZIER L. Michel,4.966111,48.645839,147,background,urban,11.944279
5.73559935955602,45.1619288836819,382,FR15043,Grenoble Les Frenes,5.735599,45.161929,214,background,urban,15.824027
7.76633088903995,48.570345549445,383,FR16038,STG Est,7.766331,48.570346,139,background,urban,17.091193
7.3090794271686,47.7374108014778,384,FR16066,Mulhouse Sud 2,7.309079,47.737411,250,background,urban,14.391216
3.28399813361426,49.8513386049265,385,FR18042,P. Roth St Quentin,3.283998,49.851339,95,background,urban,13.069344
2.47440046695438,49.2595681701847,386,FR18043,Faiencerie Creil,2.4744,49.259568,34,background,urban,11.84155
2.30460091284844,49.9025136038938,387,FR18053,St Pierre Amiens,2.304601,49.902514,28,background,urban,12.436338
-4.48681534869344,48.3863972238776,388,FR19012,Brest Mace,-4.486815,48.386397,48,background,urban,9.130502
-3.3948053239104,47.7424853587071,389,FR19032,Lorient B. Bissonnet,-3.394805,47.742485,29,background,urban,8.986247
-2.76389155041474,47.6488890674213,390,FR19033,Vannes UTA,-2.763892,47.648889,17,background,urban,6.97379
4.92469913483584,45.7789106061805,391,FR20046,VAULX EN VELIN,4.924699,45.778911,173,background,urban,14.267857
4.71928137881623,45.9863995106046,392,FR20061,VILLEFRANCHE Village,4.719281,45.9864,204,background,urban,15.162516
4.85421731764381,45.7577305107776,393,FR20062,LYON Centre,4.854217,45.757731,160,background,urban,17.283563
6.91086524397292,49.1874042208476,394,FR22054,Station de FORBACH,6.910865,49.187404,233,background,urban,13.107667
-2.24985757943419,47.2641063330689,395,FR23110,LEON BLUM,-2.249858,47.264106,25,background,urban,9.532049
-0.556052669293562,47.4685406610671,396,FR23120,BEAUX ARTS,-0.556053,47.468541,47,background,urban,12.315558
0.221422140223167,47.9710503797745,397,FR23182,SOURCES,0.221422,47.97105,85,background,urban,13.002057
-1.53750254138193,47.2225142865239,398,FR23188,CIM BOUTEILLERIE,-1.537503,47.222514,18,background,urban,13.647651
5.78583314934565,43.8353015907531,399,FR24018,MANOSQUE,5.785833,43.835302,371,background,urban,12.479338
6.07306047829002,44.5552221295966,400,FR24033,GAP COMMANDERIE,6.07306,44.555222,741,background,urban,14.689587
7.28626221805363,43.7020570458012,401,FR24036,NICE ARSON,7.286262,43.702057,9,background,urban,14.284461
1.09368987616101,49.4424377215789,402,FR25036,Espace du Palais,1.09369,49.442438,17,background,urban,13.04293
5.06611192686193,47.3080413038249,403,FR26005,Station PEJOCES,5.066112,47.308041,255,background,urban,13.484743
3.57639077544232,47.8005658616461,404,FR26019,Station AUXERRE,3.576391,47.800566,96,background,urban,11.705437
2.63569297621804,50.5354044882265,405,FR28028,Bethune Stade,2.635693,50.535404,26,background,urban,14.057797
4.39542075258546,45.4200881314635,406,FR29424,SAINT ETIENNE SUD,4.395421,45.420088,552,background,urban,8.417138
4.51500448320745,45.4752955888288,407,FR29426,SAINT-CHAMOND,4.515004,45.475296,366,background,urban,13.46916
6.19043435331308,48.6881993348543,408,FR30034,Nancy-Charles III,6.190434,48.688199,200,background,urban,13.95688
-0.391111202447485,43.3108061216511,409,FR31013,BILLERE,-0.391111,43.310806,195,background,urban,10.606602
-1.48805926814399,43.4797361168543,410,FR31016,SAINT-CROUTS,-1.488059,43.479736,35,background,urban,11.514683
-1.03861416519331,43.7047196496573,411,FR31036,DAX,-1.038614,43.70472,14,background,urban,13.87172
4.41750134226911,46.802214574201,412,FR32007,Le Creusot Molette,4.417501,46.802215,350,background,urban,11.153179
5.92833290286553,45.5647352396914,413,FR33101,PASTEUR,5.928333,45.564735,280,background,urban,15.848167
6.11833556860964,45.8952573794752,414,FR33201,LOVERCHY,6.118336,45.895257,453,background,urban,17.685987
6.24056034616695,46.195849631698,415,FR33211,ANNEMASSE,6.24056,46.19585,441,background,urban,15.527387
1.96625944333933,47.9173751814869,416,FR34014,St Jean,1.966259,47.917375,111,background,urban,13.195039
0.653775898374836,47.34414909874,417,FR34024,Joué lčs Tours,0.653776,47.344149,85,background,urban,13.412708
2.07299726629675,47.2220262095086,418,FR34034,Vierzon,2.072997,47.222026,115,background,urban,12.230161
1.46877243899394,48.439285877489,419,FR34042,Lucé,1.468772,48.439286,158,background,urban,10.002186
1.25687782977583,45.8310745549962,420,FR35003,LIMOGES - Présidial,1.256878,45.831075,301,background,urban,10.402739
4.89348267871268,44.9335096002428,421,FR36002,Valence Urb. Centre,4.893483,44.93351,125,background,urban,16.58613
9.43464610209536,42.6713433611928,422,FR41017,BASTIA MONTESORO,9.434646,42.671343,47,background,suburban,9.187283
6.01541558650807,47.2474002567742,423,FR82006,Besancon Prevoyance,6.015416,47.2474,321,background,urban,15.034951
6.79400340956014,47.5103033082525,424,FR82010,Montbéliard centre,6.794003,47.510303,331,background,urban,13.62339
5.55680766765937,46.6713250485204,425,FR82050,Lons-le-Saunier CV,5.556808,46.671325,261,background,urban,12.420192
-0.125889000211329,51.522290000348,426,GB0566A,London Bloomsbury,-0.125889,51.52229,20,background,urban,10.928548
-5.92883299947577,54.5996500003621,427,GB0567A,Belfast Centre,-5.928833,54.59965,10,background,urban,9.030004
-3.17624999971133,51.4817800005656,428,GB0580A,Cardiff Centre,-3.17625,51.48178,12,background,urban,9.5591
-1.54647200030493,53.8037800006845,429,GB0584A,Leeds Centre,-1.546472,53.80378,78,background,urban,11.433325
0.070765999232165,51.4525800001679,430,GB0586A,London Eltham,0.070766,51.45258,60,background,suburban,10.512368
-1.39577799981626,50.9081400004782,431,GB0598A,Southampton Centre,-1.395778,50.90814,7,background,urban,9.960425
0.184805999860371,51.4660300002719,432,GB0608A,London Bexley,0.184806,51.46603,13,background,suburban,10.491823
-2.23788100021613,53.4815200007263,433,GB0613A,Manchester Piccadilly,-2.237881,53.48152,45,background,urban,10.47755
-0.21349199974455,51.5210499999789,434,GB0620A,London N. Kensington,-0.213492,51.52105,5,background,urban,9.7907
-1.53311899905233,52.2888100002874,435,GB0643A,Leamington Spa,-1.533119,52.28881,175,background,urban,12.262142
-1.14644699944776,52.9547300005981,436,GB0646A,Nottingham Centre,-1.146447,52.95473,41,background,urban,11.497954
-2.17513299939234,53.0282100004303,437,GB0658A,Stoke-on-Trent Centre,-2.175133,53.02821,172,background,urban,11.691325
-2.33413900071217,53.4848100006254,438,GB0660A,Salford Eccles,-2.334139,53.48481,30,background,urban,10.586222
-7.32911500031134,55.0012250005016,439,GB0673A,Derry,-7.329115,55.001225,32,background,urban,11.752537
0.678408000807727,51.5442060007707,440,GB0728A,Southend-on-Sea,0.678408,51.544206,37,background,urban,10.624283
-2.09427799964465,57.1573600004927,441,GB0729A,Aberdeen,-2.094278,57.15736,20,background,urban,8.038827
-3.02272200045252,53.3728700008048,442,GB0730A,Wirral Tranmere,-3.022722,53.37287,38,background,urban,7.203831
-2.68035299994411,53.7655900005998,443,GB0731A,Preston,-2.680353,53.76559,40,background,urban,9.953742
-1.06858299972738,50.8288100009908,444,GB0733A,Portsmouth,-1.068583,50.82881,5,background,urban,10.395696
-1.82674400009281,50.7395700002353,445,GB0741A,Bournemouth,-1.826744,50.73957,30,background,urban,7.486961
-0.131930999642053,51.4946700002184,446,GB0743A,London Westminster,-0.131931,51.49467,5,background,urban,9.590462
-0.341222001010952,53.7487800002213,447,GB0776A,Hull Freetown,-0.341222,53.74878,4,background,urban,10.877774
-3.18218600063345,55.9455889998541,448,GB0839A,Edinburgh St Leonards,-3.182186,55.945589,81,background,urban,6.386624
-0.944067000765951,51.4530900006505,449,GB0840A,Reading New Town,-0.944067,51.45309,58,background,urban,7.420871
-1.83058299986685,52.5117220004042,450,GB0851A,Birmingham Tyburn,-1.830583,52.511722,93,background,urban,9.545399
-0.147572000940136,50.8408360007157,451,GB0860A,Brighton Preston Park,-0.147572,50.840836,10,background,urban,9.318762
-1.40687800028514,54.8836099999019,452,GB0863A,Sunderland Silksworth,-1.406878,54.88361,110,background,urban,7.103531
-2.63813900070179,53.5491400008517,453,GB0864A,Wigan Centre,-2.638139,53.54914,45,background,urban,10.764287
-3.00717499976408,53.8048900009887,454,GB0882A,Blackpool Marton,-3.007175,53.80489,16,background,urban,8.477523
-2.58448199996063,51.4628390007042,455,GB0884A,Bristol St Pauls,-2.584482,51.462839,15,background,urban,10.24675
-1.08651399982245,53.9675130004527,456,GB0918A,York Bootham,-1.086514,53.967513,15,background,urban,10.189576
-1.2602779998386,51.7448060008706,457,GB0920A,Oxford St Ebbes,-1.260278,51.744806,58,background,urban,10.11053
-0.298776999993326,51.617333000736,458,GB0959A,London Harrow Stanmore,-0.298777,51.617333,79,background,urban,10.828675
-2.97728100028307,51.6012030005766,459,GB0962A,Newport,-2.977281,51.601203,24,background,urban,9.568158
1.3019759995952,52.6141930002692,460,GB0995A,Norwich Lakenfields,1.301976,52.614193,36,background,urban,11.945411
-1.82999899971075,52.4371650003999,461,GB1013A,Birmingham Acocks Green,-1.829999,52.437165,134,background,urban,8.996075
-0.879897999011692,52.2718860002298,462,GB1019A,Northampton Kingsthorpe,-0.879898,52.271886,128,background,urban,6.794377
-0.345605999684679,51.4252859999048,463,GB1025A,London Teddington Bushy Park,-0.345606,51.425286,11,background,urban,9.67155
-1.12731100012887,52.6198230004936,464,GB1026A,Leicester University,-1.127311,52.619823,83,background,urban,12.019491
-4.24363100058793,55.8657820006779,465,GB1028A,Glasgow Townhead,-4.243631,55.865782,40,background,urban,6.546663
-1.56022799926872,52.4115630000473,466,GB1034A,Coventry Allesley,-1.560228,52.411563,98,background,urban,10.939653
23.7768859894922,38.0696334804046,467,GR0035A,LYKOVRISI,23.776886,38.069633,210,background,suburban,16.446809
15.9783944439986,45.8343722222896,468,HR0021A,"ZAGREB PPI PM2,5 - Ksaverska cesta - RH0121 - HR0021A; Državna mreža za trajno pracenje kvalitete zr",15.978394,45.834372,0,background,urban,20.816775
16.4493416674041,43.5106527782266,469,HR0022A,"Split-1 - SD0203 - HR0022A; Mjerna mreža Cemex Hrvatska d.o.o.",16.449342,43.510653,0,background,urban,10.839764
8.61339728709877,47.4029160313778,470,CH0005A,Dübendorf-EMPA,8.613397,47.402916,432,background,suburban,10.918156
8.53041092025349,47.3776165606365,471,CH0010A,Zürich-Kaserne,8.530411,47.377617,409,background,urban,11.771429
8.95717356317848,46.0111113468319,472,CH0011A,Lugano-Universitŕ,8.957174,46.011111,280,background,urban,13.176438
-6.30526599967533,53.3902500011002,473,IE003AP,Dublin Finglas Mellowes Road,-6.305266,53.39025,10,background,suburban,8.137651
-6.22499999920833,54.3611110010617,474,IE0106A,Dublin Marino Brian Road,-6.225,54.361111,20,background,suburban,7.801538
-8.45666700046462,51.8819440008604,475,IE0110A,Cork Ballinlough Heatherton Park,-8.456667,51.881944,12,background,suburban,6.829863
-6.12166700048522,53.1872220013706,476,IE0141A,Wicklow Bray Wurzburg Road,-6.121667,53.187222,47.32,background,suburban,6.562644
-21.8733483485098,64.1388832516441,477,IS0006A,Reykjavik Husdyragardurinn,-21.873348,64.138883,19,background,urban,9.942876
-21.8889790335551,64.104968642957,478,IS0037A,Kópavogur Dalsmári,-21.888979,64.104969,0,background,suburban,4.757997
13.3419400000502,43.5988900011606,479,IT0459A,CHIARAVALLE2,13.34194,43.59889,15,background,suburban,15.260284
10.8590700001032,46.6194900005866,480,IT0499A,LA1 Laces,10.85907,46.61949,640,background,urban,16.021639
11.0394100003757,45.89244000051,481,IT0591A,ROVERETO LGP,11.03941,45.89244,200,background,urban,15.861111
11.4538899999805,46.0518400014453,482,IT0703A,BORGO VAL,11.45389,46.05184,380,background,suburban,19.961988
9.64388899957912,45.6902780006728,483,IT0707A,BERGAMO - VIA MEUCCI,9.643889,45.690278,249,background,urban,25.672981
10.3316700005018,44.7936100011476,484,IT0804A,CITTADELLA,10.33167,44.79361,60,background,urban,21.470914
8.99222199964001,44.3963890005867,485,IT0858A,QUARTO - GENOVA,8.992222,44.396389,85,background,urban,12.044985
11.2874999997388,43.7866700009887,486,IT0862A,FI-BASSI,11.2875,43.78667,61,background,urban,15.642424
11.3550000003807,44.4833300011602,487,IT0892A,GIARDINI MARGHERITA,11.355,44.48333,43,background,urban,18.206687
10.7338890007948,44.5161110009306,488,IT0903A,CASTELLARANO,10.733889,44.516111,150,background,suburban,19.587896
9.16472199998281,45.1938890010189,489,IT0912A,PAVIA - VIA FOLPERTI,9.164722,45.193889,77,background,urban,23.245029
10.6647220000735,44.6908330010582,490,IT0940A,S. LAZZARO,10.664722,44.690833,50,background,urban,20.714681
11.8888900009231,43.4611100014246,491,IT0950A,AR-ACROPOLI,11.88889,43.46111,260,background,urban,16.205797
12.5069440003594,41.9327780012792,492,IT0953A,VILLA ADA,12.506944,41.932778,50,background,urban,16.130435
12.5686110000113,41.8577780007559,493,IT0956A,CINECITTA,12.568611,41.857778,53,background,urban,21.762712
12.659166999937,41.9313890011208,494,IT0957A,TENUTA DEL CAVALIERE,12.659167,41.931389,48,background,suburban,18.155556
12.2622220005922,45.4991670003934,495,IT0963A,VE - Parco Bissuola,12.262222,45.499167,1,background,urban,28.423729
13.2405560005406,46.0661110007743,496,IT0966A,CAIROLI,13.240556,46.066111,100,background,urban,18.531698
7.32417000014937,45.7358300008869,497,IT0983A,AOSTA (PIAZZA PLOUVES),7.32417,45.73583,581,background,urban,11.853933
11.8705600006198,44.2833300013052,498,IT1030A,PARCO BUCCI,11.87056,44.28333,35,background,urban,14.008746
11.1262000003223,46.0629300009543,499,IT1037A,TRENTO PSC,11.1262,46.06293,203,background,urban,16.063361
12.5533329998347,44.0625000004335,500,IT1043A,MARECCHIA,12.553333,44.0625,6,background,urban,22.791429
12.0488890008563,44.2191670003779,501,IT1048A,PARCO RESISTENZA,12.048889,44.219167,29,background,urban,17.093294
11.7366670004472,45.760833000725,502,IT1065A,BASSANO DEL GRAPPA,11.736667,45.760833,114,background,urban,20.442857
10.4016670005282,43.7388890013957,503,IT1110A,PI-PASSI,10.401667,43.738889,5,background,urban,16.962536
7.65804000022888,45.1546400016967,504,IT1128A,Borgaro T. - Caduti,7.65804,45.15464,257,background,suburban,26.382789
11.5397219996772,45.5605560014101,505,IT1177A,VI - Quartiere Italia,11.539722,45.560556,36,background,urban,29.216138
12.3661100000574,43.1030600011221,506,IT1180A,CORTONESE,12.36611,43.10306,290,background,urban,20.089783
12.9461110002407,41.5313890007576,507,IT1184A,LATINA SCALO,12.946111,41.531389,18,background,suburban,15.528736
10.2450000002058,43.8838890006958,508,IT1186A,LU-VIAREGGIO,10.245,43.883889,3,background,urban,17.667606
10.5738889992401,43.8408330005264,509,IT1187A,LU-CAPANNORI,10.573889,43.840833,10,background,urban,25.087571
12.2255559992396,44.4200000006075,510,IT1204A,CAORLE,12.225556,44.42,4,background,urban,19.40634
12.5916669992951,45.6302780008605,511,IT1222A,SAN DONA' DI PIAVE,12.591667,45.630278,3,background,urban,23.456044
8.05639000061068,45.5588200010435,512,IT1247A,Biella - Sturzo,8.05639,45.55882,405,background,urban,15.779944
12.3080560002237,45.8905560015633,513,IT1328A,CONEGLIANO,12.308056,45.890556,72,background,urban,23.345506
10.9122219994326,45.4625000006864,514,IT1343A,VR - Cason,10.912222,45.4625,91,background,suburban,26.40407
12.6236099993453,42.5819400010303,515,IT1365A,BORGO RIVO,12.62361,42.58194,156,background,urban,23.597765
10.1774999995639,45.8738890007919,516,IT1385A,DARFO_2,10.1775,45.873889,226,background,suburban,26.752312
10.6919400000698,45.4108300009254,517,IT1388A,PONTI SUL MINCIO,10.69194,45.41083,113,background,suburban,27.587592
11.8419440001576,45.3719440009395,518,IT1453A,PD - Mandria,11.841944,45.371944,13,background,urban,31.25
8.56548000089859,45.9303400005978,519,IT1510A,Verbania - Gabardi,8.56548,45.93034,203,background,urban,12.836676
7.53820000001926,44.3817500015672,520,IT1529A,Cuneo - Alpini,7.5382,44.38175,550,background,urban,16.387283
8.28353000026227,45.7131700009308,521,IT1532A,Borgosesia - Tonella,8.28353,45.71317,344,background,urban,16.571031
9.84277800043806,44.1177780013175,522,IT1536A,MAGGIOLINA - LA SPEZIA,9.842778,44.117778,6,background,urban,14.185908
10.3216669993017,43.520000000991,523,IT1557A,LI-CAPPIELLO,10.321667,43.52,13,background,urban,10.670423
8.38611100039643,39.2033330007098,524,IT1576A,CENPS7,8.386111,39.203333,25,background,suburban,17.74
12.238610999668,45.6725000011004,525,IT1590A,TV - Via Lancieri di Novara,12.238611,45.6725,15,background,urban,26.501424
11.1191699996061,42.7786100015886,526,IT1593A,GR-URSS,11.11917,42.77861,10,background,urban,10.985755
12.2169439997311,46.1413890011392,527,IT1594A,BL - Cittŕ,12.216944,46.141389,401,background,urban,14.539945
11.905833000631,46.0308330007678,528,IT1619A,AREA FELTRINA,11.905833,46.030833,263,background,suburban,21.339031
9.02416700023837,45.6269440011498,529,IT1650A,SARONNO - SANTUARIO,9.024167,45.626944,212,background,urban,24.721369
11.0919400008126,43.8727800009261,530,IT1654A,PO-ROMA,11.09194,43.87278,54,background,urban,20.270423
18.0297200004914,40.4044400006523,531,IT1666A,Campi Salentina,18.02972,40.40444,10,background,suburban,18.237104
9.23583000042006,45.478330000519,532,IT1692A,MILANO PASCAL CITTŕ STUDI,9.23583,45.47833,122,background,urban,31.901896
11.3394400001718,46.4344400004768,533,IT1696A,LS1 Laives,11.33944,46.43444,230,background,suburban,15.372806
10.2194440002661,45.5152780004235,534,IT1737A,BRESCIA VILLAGGIO SERENO,10.219444,45.515278,70,background,urban,29.066077
10.0458330004108,45.1422220006915,535,IT1739A,CREMONA VIA FATEBENEFRATELLI,10.045833,45.142222,45,background,urban,30.006571
9.27443999916664,45.5811100009266,536,IT1743A,MONZA - VIA  MACHIAVELLI,9.27444,45.58111,162,background,urban,27.024926
10.9063299997898,44.6506100011743,537,IT1771A,PARCO FERRARI,10.90633,44.65061,34,background,urban,22.160221
7.87803999955946,45.4512000007747,538,IT1788A,Ivrea - Liberazione,7.87804,45.4512,240,background,suburban,23.772861
9.39583299965293,45.8494440009858,539,IT1826A,LECCO VIA SORA,9.395833,45.849444,267,background,urban,15.812325
8.62320000082146,44.9203000010102,540,IT1830A,Alessandria - Volta,8.6232,44.9203,91,background,urban,24.369863
12.4474999995574,41.9063890011601,541,IT1836A,CIPRO,12.4475,41.906389,31,background,urban,17.470423
13.619440000094,42.8486100011998,542,IT1843A,MONTICELLI,13.61944,42.84861,150,background,urban,12.446512
12.7372199998033,42.7397200010371,543,IT1860A,Piazza Vittoria,12.73722,42.73972,319,background,urban,13.835196
10.7955559995484,45.1605560003588,544,IT1868A,MANTOVA SANT'AGNESE,10.795556,45.160556,22,background,urban,27.225808
9.46666699955544,45.6833330003925,545,IT1876A,CALUSCO,9.466667,45.683333,273,background,suburban,24.301943
8.4023599994451,45.3189100006975,546,IT1878A,Vercelli - CONI,8.40236,45.31891,131,background,suburban,26.541899
8.48555599984001,44.3152780006332,547,IT1883A,VARALDO - SAVONA,8.485556,44.315278,55,background,urban,12.594153
12.5763899998417,43.3527800010956,548,IT1901A,PIAZZA 40 MARTIRI,12.57639,43.35278,498,background,urban,16.910448
12.4752780003187,41.8938890010089,549,IT1906A,ARENULA,12.475278,41.893889,31,background,urban,16.896359
12.4024999994289,44.0958330011019,550,IT1908A,SAVIGNANO,12.4025,44.095833,32,background,suburban,19.534286
11.6497219997916,44.8250000009028,551,IT1918A,VILLA FULVIA,11.649722,44.825,9,background,urban,19.387187
16.2451699995494,39.3134000012167,552,IT1938A,Cittŕ dei ragazzi,16.24517,39.3134,230,background,urban,13.485074
16.2551799995239,38.2297600008529,553,IT1940A,Locri,16.25518,38.22976,11,background,urban,13.020991
9.00888900006175,39.0666670007237,554,IT1947A,CENSA3,9.008889,39.066667,56,background,urban,12.468866
9.495285889898,45.3027867806956,555,IT1965A,LODI S.ALBERTO,9.495286,45.302787,76,background,urban,26.504819
9.88028000004522,46.1686100010154,556,IT1967A,SONDRIO - VIA PARIBELLI,9.88028,46.16861,290,background,urban,21.683129
9.66916699968449,45.0383330006928,557,IT1975A,PARCO MONTECUCCO,9.669167,45.038333,61,background,urban,24.078313
9.13638900027608,39.2605560014132,558,IT1993A,CENMO1,9.136389,39.260556,15,background,urban,11.979769
16.2861099999709,41.3166700008687,559,IT2003A,stadio casardi,16.28611,41.31667,15,background,urban,15.486065
8.57611099994079,40.7244440007079,560,IT2009A,CENS16,8.576111,40.724444,275,background,suburban,6.486389
8.40527799967745,40.8313890011165,561,IT2010A,CENPT1,8.405278,40.831389,16,background,urban,9.336517
12.3449999996141,41.8755560009153,562,IT2012A,MALAGROTTA,12.345,41.875556,55,background,suburban,17.070988
13.3233330006358,41.6388890009594,563,IT2013A,FROSINONE MAZZINI,13.323333,41.638889,255,background,urban,25.58651
15.6387899997939,38.104950001282,564,IT2028A,Villa Comunale,15.63879,38.10495,20,background,urban,11.089119
17.1141700004535,39.0680800008733,565,IT2031A,Gioacchino da Fiore (via),17.11417,39.06808,37,background,urban,18.071562
11.141939999558,43.4727800014267,566,IT2032A,SI-POGGIBONSI,11.14194,43.47278,105,background,urban,13.27762
10.7913900004346,44.5394400006358,567,IT2073A,PARCO EDILCARANI,10.79139,44.53944,118,background,urban,18.09621
16.2951700000914,38.9595500008418,568,IT2087A,Municipio,16.29517,38.95955,140,background,suburban,12.697797
16.5792500005895,38.9182880011255,569,IT2089A,Parco della biodiversitŕ mediterranea,16.57925,38.918288,370,background,urban,9.096707
12.2058330002899,43.1330560006846,570,IT2100A,Magione,12.205833,43.133056,242,background,suburban,15.741667
7.83747999907954,45.0027600014564,571,IT2101A,Chieri - Bersezio,7.83748,45.00276,271,background,suburban,24.154519
8.15981000027075,45.6642300005737,572,IT2104A,Trivero - Ronco,8.15981,45.66423,666,background,suburban,13.470255
12.2458329991065,43.4569440006693,573,IT2105A,C Castello,12.245833,43.456944,284,background,urban,20.144928
12.4197220005927,42.5519440010184,574,IT2109A,Amelia,12.419722,42.551944,329,background,urban,13.823529
16.3868000006179,39.4896300010078,575,IT2110A,Acri,16.3868,39.48963,758,background,urban,15.727735
17.0103399998162,39.1875200012897,576,IT2112A,Rocca di Neto,17.01034,39.18752,71,background,suburban,16.221457
12.1366670002917,42.7372220007168,577,IT2113A,Ciconia2,12.136667,42.737222,143,background,suburban,12.063218
7.71157999989585,45.1763500008591,578,IT2117A,Leině (ACEA) - Grande Torino,7.71158,45.17635,246,background,suburban,30.376471
12.5219399996054,42.534170000681,579,IT2134A,Narni Scalo,12.52194,42.53417,95,background,suburban,19.925714
17.5124999998454,40.6491700007555,580,IT2148A,Ceglie Messapica,17.5125,40.64917,100,background,suburban,16.465388
7.64905000042861,45.0249400008799,581,IT2168A,Torino Lingotto,7.64905,45.02494,243,background,urban,27.160256
7.32964500004076,45.7343060011422,582,IT2233A,Aosta Liconi,7.329645,45.734306,583,background,urban,13.823171
25.2108345007771,54.6861114504908,583,LT00002,Vilnius - Lazdynai,25.210835,54.686111,170,background,urban,10.65067
22.8708399998704,56.3194400000235,584,LT00021,N.Akmene,22.87084,56.31944,75,background,urban,7.830097
23.8358345002448,54.8836135907713,585,LT00044,Kaunas - Noreikiskes,23.835835,54.883614,73,background,urban,9.907301
6.13759000001897,49.5976900002352,586,LU0101A,Luxembourg Bonnevoie,6.13759,49.59769,275,background,urban,11.669167
5.97693999908417,49.5050400006165,587,LU0102A,Esch/Alzette,5.97694,49.50504,287,background,urban,12.02807
21.5903169999519,57.4039970007634,588,LV0022A,Ventspils parventa,21.590317,57.403997,1,background,urban,12.312014
24.1047560007536,56.9548470004723,589,LV0026A,Riga Kronvalda boulevard,24.104756,56.954847,3,background,urban,15.917079
14.5389633788892,35.8523213666316,590,MT00004,Zejtun Station,14.538963,35.852321,56,background,urban,12.476221
4.80889750020621,52.3599968001265,591,NL00014,Amsterdam-Vondelpark,4.808897,52.359997,2,background,urban,12.448128
4.87000275007329,52.3930587806431,592,NL00016,Amsterdam-Westerpark,4.870003,52.393059,3,background,urban,11.538978
4.78084706916535,51.6033325201807,593,NL00241,Breda-Bastenakenstraat,4.780847,51.603333,1,background,suburban,12.352135
5.3933334398281,51.4075012200852,594,NL00247,Veldhoven-Europalaan,5.393333,51.407501,22,background,urban,10.673576
4.4874997095314,51.8938903801974,595,NL00488,Rotterdam Zuid-Zwartewaalstraat,4.4875,51.89389,0,background,urban,12.640694
4.40138899943301,51.9211110008549,596,NL00494,Schiedam-Alphons Arienstraat,4.401389,51.921111,3,background,urban,13.344757
5.12833356972646,52.1022224403703,597,NL00643,Utrecht-Griftpark,5.128334,52.102222,2,background,urban,14.21835
4.81666660060217,52.4500007603363,598,NL00701,Zaandam-Wagenschotpad,4.816667,52.450001,1,background,urban,12.803076
5.85806100039586,51.8388890007342,599,NL00742,Nijmegen-Ruyterstraat,5.858061,51.838889,30,background,urban,12.125276
6.60889720890149,53.2469444298868,600,NL00938,Groningen-Nijensteinheerd,6.608897,53.246944,-1,background,suburban,11.518471
5.32804999981044,60.3921300005771,601,NO0015A,Rĺdhuset,5.32805,60.39213,5,background,urban,6.762815
5.73147000002763,58.9617300007173,602,NO0065A,Vĺland,5.73147,58.96173,34,background,suburban,7.309426
10.7657299998395,59.9229500005502,603,NO0073A,Sofienbergparken,10.76573,59.92295,24,background,urban,8.825313
10.4656300006216,61.120870000866,604,NO0075A,Lillehammer barnehage,10.46563,61.12087,212,background,suburban,6.644817
9.6421700005194,59.1292000004797,605,NO0080A,Řyekast,9.64217,59.1292,31,background,suburban,7.134425
10.3935499996907,63.430380000415,606,NO0089A,Torvet,10.39355,63.43038,30,background,urban,4.731638
18.9750279995678,50.2646110000889,607,PL0008A,"Katowice, ul. Kossutha 6",18.975028,50.264611,273,background,urban,27.273273
18.6202739998991,54.3802790005999,608,PL0052A,AM8 Gdansk Wrzeszcz,18.620274,54.380279,40,background,urban,12.897218
18.6661029995078,53.0286470002075,609,PL0071A,Torun POLICJA,18.666103,53.028647,64,background,urban,18.868486
19.0363859994233,52.6647209998529,610,PL0075A,Wloclawek Sielska DMD,19.036386,52.664721,57,background,suburban,18.383501
23.1493890004006,52.0291940006261,611,PL0079A,BialaP-Orzechowa,23.149389,52.029194,144,background,urban,26.346154
23.5146030003056,51.1309500007456,612,PL0081A,Chelm ul. Jagiellonska,23.514603,51.13095,190,background,suburban,27.2
22.5516750005803,51.2730780004251,613,PL0085A,Lublin Ul. Sliwinskiego,22.551675,51.273078,207,background,urban,21.293151
23.2902470000937,50.716628000934,614,PL0091A,Zamosc ul. Hrubieszowska 69A,23.290247,50.716628,226,background,urban,23.956164
19.5297859998059,51.7580500003225,615,PL0096A,Lódz-Widzew,19.529786,51.75805,235,background,urban,22.134072
19.452936000412,51.7764170003959,616,PL0100A,Lódz-Legionów 1,19.452936,51.776417,206,background,urban,29.728571
19.4212310000131,51.8566920003597,617,PL0115A,Zgierz-Sródmiescie,19.421231,51.856692,189,background,urban,20.457289
20.9559280003548,52.407578000782,618,PL0129A,Legionowo-Zegrzynska,20.955928,52.407578,91,background,suburban,32.175951
20.8374889991876,52.1917280002046,619,PL0134A,Piastów-Pulaskiego,20.837489,52.191728,99,background,suburban,30.466363
19.7097909994444,52.5509380003611,620,PL0136A,Plock-Reja,19.709791,52.550938,101,background,urban,21.465559
21.1474740005031,51.3990840007936,621,PL0138A,Radom-Tochtermana,21.147474,51.399084,159,background,urban,28.090908
21.0338189998394,52.1607720008215,622,PL0141A,Warszawa-Ursynów,21.033819,52.160772,102,background,urban,21.181222
21.0424580000104,52.2908640004899,623,PL0143A,Warszawa-Targówek,21.042458,52.290864,85,background,urban,23.627787
20.4298920008842,52.0538110006382,624,PL0144A,Zyrardów-Roosevelta,20.429892,52.053811,119,background,urban,30.140162
23.1558690003975,53.12668900064,625,PL0148A,Bialystok-Miejska,23.155869,53.126689,145,background,urban,19.287655
22.054381000172,53.1813940007549,626,PL0151A,Lomza Sikorskiego 48/94,22.054381,53.181394,128,background,urban,26.642072
22.9346080008683,54.1178780005358,627,PL0152A,"Suwalki, ul. Pulaskiego 73",22.934608,54.117878,179,background,urban,13.33061
17.0467219996901,54.4636110000405,628,PL0171A,AM11 Slupsk Kniaziewicza,17.046722,54.463611,25,background,urban,14.065972
20.4860750004239,53.7892330005342,629,PL0175A,WIOS Olsztyn ul. Puszkina,20.486075,53.789233,120,background,urban,16.745363
19.9697780007661,53.6924690005999,630,PL0176A,WIOS Ostróda ul. Chrobrego,19.969778,53.692469,120,background,urban,17.259802
16.1805130005934,51.2045029999653,631,PL0190A,Legnica - Rzeczypospolitej,16.180513,51.204503,122,background,urban,22.905817
16.2696770007992,50.7687290007791,632,PL0192A,Walbrzych - Wysockiego,16.269677,50.768729,424,background,urban,18.906728
17.0292500000777,51.1293780002723,633,PL0194A,Wroclaw - Korzeniowskiego,17.02925,51.129378,114,background,urban,23.967134
15.0081749996736,51.15039100088,634,PL0198A,Zgorzelec - Bohaterów Getta,15.008175,51.150391,215,background,urban,18.416522
15.5188609998959,51.9397829999868,635,PL0213A,Zielona Góra ul. Krótka,15.518861,51.939783,150,background,urban,20.787204
18.2365749998802,50.3496080005815,636,PL0218A,K-Kozle automat 1,18.236575,50.349608,181,background,urban,27.025765
18.6557639996453,50.2793330004371,637,PL0238A,"Gliwice, ul. Mewy 34",18.655764,50.279333,236,background,urban,30.896265
16.9595189992917,52.3981750001141,638,PL0244A,WKPPoznan1,16.959519,52.398175,67,background,urban,24.35196
14.6633470003137,53.3809750007386,639,PL0248A,Szczecin_Andrzejewskiego,14.663347,53.380975,10,background,urban,15.355014
22.1124669997928,50.5298920006478,640,PL0276A,Nisko-Szklarniowa-WIOS,22.112467,50.529892,156,background,urban,22.990962
20.6049980003915,50.8725490001556,641,PL0283A,"Kielce, ul. Jagiellonska",20.604998,50.872549,275,background,urban,25.604647
19.4109420003794,54.1678470004017,642,PL0295A,WIOS Elblag ul. Bazynskiego,19.410942,54.167847,15,background,urban,14.942473
19.6876720004942,52.5562790002491,643,PL0398A,Plock-Gimnazjum,19.687672,52.556279,97,background,urban,21.413407
21.7497000008402,49.6901690005831,644,PL0413A,Krosno-Kletówki,21.7497,49.690169,277,background,urban,24.474444
18.6912219996044,50.0286810008102,645,PL0489A,"Zory, Os. Gen. Wladyslawa Sikorskiego 52",18.691222,50.028681,260,background,urban,27.773988
17.0592249997495,51.103456000446,646,PL0490A,Wroclaw - Na Grobli,17.059225,51.103456,119,background,urban,22.862136
18.1321110006548,53.151467000429,647,PL0491A,"Bydgoszcz, ul. Berlinga",18.132111,53.151467,100,background,suburban,15.837606
15.2462940003185,52.7470439999075,648,PL0492A,Gorzów Wlkp. ul. Pilsudskiego,15.246294,52.747044,22,background,urban,16.646648
21.1712850005455,51.4153240004026,649,PL0493A,Radom-Hallera,21.171285,51.415324,156,background,urban,24.972535
17.95027800038,50.6768560006814,650,PL0494A,Opole manualna 4,17.950278,50.676856,173,background,urban,21.215068
22.010575000295,50.0242420010577,651,PL0495A,Rzeszów-Nowe Miasto,22.010575,50.024242,203,background,urban,22.787147
23.1817440001795,53.1293060004713,652,PL0496A,Bialystok-Warszawska,23.181744,53.129306,145,background,urban,21.247697
18.6143329989541,54.3986390002493,653,PL0497A,Zaspa,18.614333,54.398639,6,background,urban,14.212885
19.106960999758,50.8019180006373,654,PL0498A,"Czestochowa, ul. Zana 6",19.106961,50.801918,262,background,urban,26.001714
19.0231940005241,49.806389000539,655,PL0499A,"Bielsko-Biala, ul. Sternicza",19.023194,49.806389,372,background,urban,25.894944
16.1931029997931,54.2070500004556,656,PL0500A,Koszalin_Spasowskiego,16.193103,54.20705,45,background,urban,13.471781
19.949188998933,50.0105750006451,657,PL0501A,"Kraków, ul. Bujaka",19.949189,50.010575,223,background,urban,33.717808
21.0041670002077,50.0201690007614,658,PL0502A,"Tarnów, ul. Bitwy pod Studziankami",21.004167,50.020169,228,background,urban,25.156742
18.04838899983,51.7490530003801,659,PL0503A,WKPKalisz,18.048389,51.749053,132,background,urban,27.188195
22.5691329999491,51.259431000538,660,PL0507A,Lublin ul. Obywatelska,22.569133,51.259431,191,background,urban,28.158287
19.6969560009206,51.4044060009376,661,PL0509A,Piotrków Tryb.-Krakowskie Przedmiescie,19.696956,51.404406,180,background,urban,31.571388
18.2075750001766,50.9721810006572,662,PL0517A,Kluczbork manualna 2,18.207575,50.972181,177,background,urban,20.310056
21.4546169999577,49.7448860006813,663,PL0518A,Jaslo-Sikorskiego-WIOS,21.454617,49.744886,223,background,urban,24.067817
20.7154420000216,50.4536530002973,664,PL0523A,"Busko-Zdrój, ul. Rokosza",20.715442,50.453653,212,background,urban,21.007445
18.4712780003504,49.9218750005416,665,PL0527A,"Godów, ul. Gliniki",18.471278,49.921875,204,background,urban,34.88745
18.8296389999895,50.4447360008756,666,PL0530A,"Tarnowskie Góry, ul. Litewska",18.829639,50.444736,319,background,urban,29.098494
14.8625579995913,52.9261889999321,667,PL0534A,Myslibórz_ZaBramka,14.862558,52.926189,62,background,urban,20.107374
16.6922640002974,53.7120970001543,668,PL0535A,Szczecinek_1Maja,16.692264,53.712097,134,background,urban,14.334493
22.2820010002227,52.1721450001813,669,PL0538A,Siedlce-Konarskiego,22.282001,52.172145,155,background,urban,24.910774
18.752502999467,53.491831000643,670,PL0542A,Grudziadz Starówka,18.752503,53.491831,29,background,urban,26.828296
20.4395110001481,49.9690170002238,671,PL0549A,"Bochnia, ul. Konfederatów Barskich",20.439511,49.969017,202,background,urban,29.210169
20.7144029995808,49.6192810003872,672,PL0550A,"Nowy Sacz, ul. Nadbrzezna",20.714403,49.619281,305,background,urban,36.010959
19.4774639997816,50.1594060008731,673,PL0552A,"Trzebinia, os. Zwiazku Walki Mlodych",19.477464,50.159406,340,background,urban,25.841226
17.9758610000839,54.1206940000993,674,PL0558A,AM12 Koscierzyna Targowa,17.975861,54.120694,163,background,urban,22.855385
21.0841750000335,51.0506110002295,675,PL0566A,"Starachowice, ul. Zlota",21.084175,51.050611,264,background,urban,22.348468
15.7656079999429,50.9134330003397,676,PL0585A,Jelenia Góra - Oginskiego,15.765608,50.913433,345,background,urban,18.372678
15.1278079992956,51.6426559998861,677,PL0591A,"Zary, ul. Szymanowskiego 8",15.127808,51.642656,160,background,urban,19.588286
22.7562390004489,49.7843390006169,678,PL0594A,Przemysl-Grunwaldzka-WIOS,22.756239,49.784339,201,background,urban,25.920167
21.5793219999633,53.0837360002771,679,PL0620A,Ostroleka-Hallera,21.579322,53.083736,96,background,urban,21.023672
21.4343309998699,50.300761000149,680,PL0623A,Mielec-MOSIR-WIOS,21.434331,50.300761,167,background,urban,27.10193
17.7886730004666,51.8852180001327,681,PL0624A,WpPleszew,17.788673,51.885218,120,background,urban,33.561364
-9.10805599967103,38.76888900025,682,PT03071,Olivais,-9.108056,38.768889,32,background,urban,11.345238
-9.15777800037871,38.6636110015638,683,PT03083,Laranjeiro,-9.157778,38.663611,63,background,urban,13.551207
-9.34722200025437,38.7850000002905,684,PT03089,Mem Martins,-9.347222,38.785,173,background,urban,12.228133
-7.92666699974986,37.0150000007402,685,PT05007,Joaquim Magalhăes,-7.926667,37.015,4,background,urban,11.912215
23.5966777801567,46.7750015306211,686,RO0074A,CJ-2,23.596678,46.775002,333,background,urban,17.301691
27.5836143501794,47.1511116007761,687,RO0084A,IS-2,27.583614,47.151112,44,background,urban,23.156837
26.025901790013,44.9392013504481,688,RO0176A,PH-2,26.025902,44.939201,160,background,urban,16.893697
21.2274532299854,45.7554931606061,689,RO0194A,TM-2,21.227453,45.755493,89,background,urban,11.119221
11.9700019996904,57.708611000728,690,SE0004A,Göteborg Femman,11.970002,57.708611,30,background,urban,8.266937
12.8297020002745,55.8696590008123,691,SE0015A,Landskrona Polishuset,12.829702,55.869659,20,background,urban,7.792754
18.0575010007274,59.3169400001187,692,SE0022A,Stockholm Torkel Knutssongatan,18.057501,59.31694,58,background,urban,4.80579
18.090833999051,59.3461110004906,693,SE0084A,Stockholm Olaus Petri,18.090834,59.346111,30,background,urban,4.209584
17.6356579994222,59.860111000485,694,SE0104A,Uppsala Klostergatan,17.635658,59.860111,22,background,urban,4.136593
13.0788000001162,55.6335980005942,695,SE37657,Burlöv Församlingshemmet,13.0788,55.633598,10,background,urban,8.251126
20.2893010011547,63.8208010007141,696,SE37658,Umeĺ Förskolan Uven,20.289301,63.820801,0,background,urban,3.677026
14.47129999985,46.0483000003378,697,SI0058A,Ljubljana Biotehnicna fakulteta,14.4713,46.0483,297,background,suburban,22.565476
15.6272309997407,46.5687220001834,698,SI0059A,Maribor Vrbanski plato,15.627231,46.568722,280,background,urban,19.259669
19.3025245703858,49.0791664100947,699,SK0008A,Ruzomberok - Riadok,19.302525,49.079166,475,background,urban,22.749334
19.9516849499836,48.5836105305887,700,SK0022A,Hnusta - Hlavna,19.951685,48.583611,320,background,urban,17.574611
20.240283969536,48.6311111506982,701,SK0025A,Jelsava - Jesenskeho,20.240284,48.631111,289,background,urban,22.278441
21.8375034297847,48.874164579987,702,SK0030A,Strazske - Mierova,21.837503,48.874165,133,background,urban,20.164213
21.9136219005001,48.9308357201335,703,SK0037A,Humenne - Nam. slobody,21.913622,48.930836,160,background,urban,19.419321
18.9219474800839,49.0669441205465,704,SK0039A,Martin - Jesenskeho,18.921947,49.066944,383,background,urban,17.417422
21.286388400756,48.6911125200403,705,SK0264A,Kosice - Amurska,21.286388,48.691113,201,background,urban,18.989409
21.0813503302676,42.3855857811423,706,XK0001A,Prishtine1,21.08135,42.385586,0,background,suburban,28.486592
16.6779419010079,49.2132310730566,707,Y_CZ0BBNI,Brno-Lisen,16.677942,49.213231,340,background,urban,18.477178
15.8569715637494,50.2185429146385,708,Y_CZ0HHKT,Hr.Kral.-tr.SNP,15.856972,50.218543,232,background,urban,20.18
15.352657364143,50.4394983446298,709,Y_CZ0HJIC,Jicin,15.352657,50.439498,283,background,urban,18.397
18.1592638054193,49.8252671496805,710,Y_CZ0TOPO,Ostrava-Poruba/CHMU,18.159264,49.825267,242,background,suburban,22.678
